task,start,end
project-3,100.0,200.0
project-5,100.0,200.0
project-6,100.0,200.0
project-3,1783550570.712813,1783550571.9126694
project-5,1783550586.903144,1783550588.470258
project-5,1783550687.906065,1783550694.8731873
project-6,1783550699.5398388,1783550710.740173
project-3,1783550714.0067225,1783550722.9402514
project-6,1783550728.006916,1783550746.5432093
project-3,1783551352.2461998,1783551356.1130445
project-5,1783552311.9281669,1783552316.9847505
project-3,1783552995.8261197,1783552998.326121
project-3,1783553178.841138,1783553186.3077989
project-3,1783553322.3923411,1783553324.0256348
project-3,1783553360.3997312,1783553365.1664362
project-3,1783553375.366608,1783553381.266822
project-5,1783553429.500255,1783553434.000365
project-3,1783553446.9027,1783553448.3028116
project-5,1783555325.440564,1783555327.8405995
test,1783999661.3707082,1783999662.771077
thing,1783999665.2715456,1783999666.2377727
other,1783999668.7379596,1783999669.7379298
